<?xml version="1.0" encoding="UTF-8"?>
<beans:beans xmlns:beans="http://www.springframework.org/schema/beans"
	   xmlns:security="http://www.springframework.org/schema/security"
	xmlns:xsi="http://www.w3.org/2001/XMLSchema-instance"
	xsi:schemaLocation="http://www.springframework.org/schema/beans
http://www.springframework.org/schema/beans/spring-beans-3.0.xsd
http://www.springframework.org/schema/security
http://www.springframework.org/schema/beans/spring-security-3.0.xsd">

<http>
<intercept-url pattern="/welcome*" access="ROLE_USER" />
<form-login />
<logout logout-success-url="/home" />
</http>


<authenticatoin-manager>
<authentication-provider>
<user-service>
<user name="rahul" password="123" authorities="ROLE_USER" />
</user-service>
</authentication-provider>
</authenticatoin-manager>












</beans:beans>